timestamp,count,uniques
2026-05-13T00:00:00Z,14,10
2026-05-14T00:00:00Z,25,16
2026-05-15T00:00:00Z,25,14
2026-05-16T00:00:00Z,24,7
2026-05-17T00:00:00Z,6,5
2026-05-18T00:00:00Z,53,32
2026-05-19T00:00:00Z,8,8
2026-05-20T00:00:00Z,27,18
2026-05-21T00:00:00Z,38,16
2026-05-22T00:00:00Z,22,14
2026-05-23T00:00:00Z,11,7
2026-05-24T00:00:00Z,17,12
2026-05-25T00:00:00Z,22,16
2026-05-26T00:00:00Z,30,18
2026-05-27T00:00:00Z,71,17
2026-05-28T00:00:00Z,51,19
2026-05-29T00:00:00Z,31,16
2026-05-30T00:00:00Z,27,15
2026-05-31T00:00:00Z,41,15
2026-06-01T00:00:00Z,33,18
2026-06-02T00:00:00Z,13,9
2026-06-03T00:00:00Z,33,20
2026-06-04T00:00:00Z,36,22
2026-06-05T00:00:00Z,33,21
2026-06-06T00:00:00Z,21,15
2026-06-07T00:00:00Z,32,14
2026-06-08T00:00:00Z,34,21
2026-06-09T00:00:00Z,83,35
2026-06-10T00:00:00Z,26,20
2026-06-11T00:00:00Z,18,14
2026-06-12T00:00:00Z,57,29
2026-06-13T00:00:00Z,19,14
2026-06-14T00:00:00Z,17,9
2026-06-15T00:00:00Z,48,23
2026-06-16T00:00:00Z,29,21
2026-06-17T00:00:00Z,44,21
2026-06-18T00:00:00Z,65,43
2026-06-19T00:00:00Z,69,31
2026-06-20T00:00:00Z,27,9
2026-06-21T00:00:00Z,5,5
2026-06-22T00:00:00Z,66,35
2026-06-23T00:00:00Z,45,27
2026-06-24T00:00:00Z,64,30
2026-06-25T00:00:00Z,103,27
2026-06-26T00:00:00Z,34,22
2026-06-27T00:00:00Z,11,7
2026-06-28T00:00:00Z,19,10
2026-06-29T00:00:00Z,43,19
2026-06-30T00:00:00Z,47,23
2026-07-01T00:00:00Z,37,14
2026-07-02T00:00:00Z,60,29
2026-07-03T00:00:00Z,94,41
2026-07-04T00:00:00Z,31,16
2026-07-05T00:00:00Z,28,14
2026-07-06T00:00:00Z,58,36
2026-07-07T00:00:00Z,106,37
2026-07-08T00:00:00Z,55,30
2026-07-09T00:00:00Z,27,19
2026-07-10T00:00:00Z,100,34
2026-07-11T00:00:00Z,22,13
2026-07-12T00:00:00Z,11,8
2026-07-13T00:00:00Z,83,31
2026-07-14T00:00:00Z,42,27
2026-07-15T00:00:00Z,45,25
2026-07-16T00:00:00Z,38,28
2026-07-17T00:00:00Z,73,25
2026-07-18T00:00:00Z,27,13
2026-07-19T00:00:00Z,29,18
2026-07-20T00:00:00Z,37,22
2026-07-21T00:00:00Z,82,30
2026-07-22T00:00:00Z,54,33
2026-07-23T00:00:00Z,73,36
2026-07-24T00:00:00Z,35,24
2026-07-25T00:00:00Z,30,16
2026-07-26T00:00:00Z,34,16
2026-07-27T00:00:00Z,70,42
2026-07-28T00:00:00Z,29,20
2026-07-29T00:00:00Z,63,36
2026-07-30T00:00:00Z,90,37
2026-07-31T00:00:00Z,49,26
2026-08-01T00:00:00Z,25,14
2026-08-02T00:00:00Z,25,16
2026-08-03T00:00:00Z,94,39
2026-08-04T00:00:00Z,104,46
2026-08-05T00:00:00Z,69,34
2026-08-06T00:00:00Z,54,35
2026-08-07T00:00:00Z,59,37
2026-08-08T00:00:00Z,53,22
2026-08-09T00:00:00Z,37,16
2026-08-10T00:00:00Z,106,48
2026-08-11T00:00:00Z,86,35
2026-08-12T00:00:00Z,61,35
2026-08-13T00:00:00Z,67,37
2026-08-14T00:00:00Z,82,37
2026-08-15T00:00:00Z,80,8
2026-08-16T00:00:00Z,31,17
2026-08-17T00:00:00Z,84,39
2026-08-18T00:00:00Z,127,42
2026-08-19T00:00:00Z,94,48
2026-08-20T00:00:00Z,147,56
2026-08-21T00:00:00Z,90,52
2026-08-22T00:00:00Z,68,23
2026-08-23T00:00:00Z,54,24
2026-08-24T00:00:00Z,99,44
2026-08-25T00:00:00Z,82,34
2026-08-26T00:00:00Z,125,38
2026-08-27T00:00:00Z,66,42
2026-08-28T00:00:00Z,77,33
2026-08-29T00:00:00Z,55,19
2026-08-30T00:00:00Z,28,15
